arrival_ms,event_ms,vehicle,sequence,state,latitude,longitude,altitude_m,battery_pct
40,0,bravo,0,ground,43.47230000,-80.54490000,0,100.00
45,0,alpha,0,ground,43.47230000,-80.54490000,0,100.00
96,0,delta,0,ground,43.47230000,-80.54490000,0,100.00
151,0,charlie,0,ground,43.47230000,-80.54490000,0,100.00
154,0,echo,0,ground,43.47230000,-80.54490000,0,100.00
160,0,foxtrot,0,ground,43.47230000,-80.54490000,0,100.00
297,250,foxtrot,1,ground,43.47230000,-80.54490000,0,99.70
332,250,echo,1,ground,43.47230000,-80.54490000,0,99.70
346,250,alpha,1,ground,43.47230000,-80.54490000,0,99.20
371,250,charlie,1,ground,43.47230000,-80.54490000,0,99.70
377,250,bravo,1,ground,43.47230000,-80.54490000,0,99.70
414,250,delta,1,ground,43.47230000,-80.54490000,0,99.70
520,500,delta,2,ground,43.47230000,-80.54490000,0,99.40
535,500,charlie,2,ground,43.47230000,-80.54490000,0,99.40
550,500,echo,2,ground,43.47230000,-80.54490000,0,99.40
625,500,foxtrot,2,ground,43.47230000,-80.54490000,0,99.40
643,500,alpha,2,ground,43.47230000,-80.54490000,0,98.40
646,500,bravo,2,ground,43.47230000,-80.54490000,0,99.40
790,750,echo,3,armed,43.47230000,-80.54490000,0,99.10
831,750,bravo,3,armed,43.47230000,-80.54490000,0,99.10
833,750,foxtrot,3,armed,43.47230000,-80.54490000,0,99.10
863,750,charlie,3,armed,43.47230000,-80.54490000,0,99.10
896,750,alpha,3,armed,43.47230000,-80.54490000,0,97.60
903,750,delta,3,armed,43.47230000,-80.54490000,0,99.10
1019,1000,echo,4,armed,43.47230000,-80.54490000,0,98.80
1093,1000,charlie,4,armed,43.47230000,-80.54490000,0,98.80
1099,1000,foxtrot,4,armed,43.47230000,-80.54490000,0,98.80
1102,1000,delta,4,armed,43.47230000,-80.54490000,0,98.80
1130,1000,bravo,4,armed,43.47230000,-80.54490000,0,98.80
1180,1000,alpha,4,armed,43.47230000,-80.54490000,0,96.80
1291,1250,alpha,5,armed,43.47230000,-80.54490000,0,96.00
1295,1250,foxtrot,5,armed,43.47230000,-80.54490000,0,98.50
1311,1250,bravo,5,armed,43.47230000,-80.54490000,0,98.50
1312,1250,charlie,5,armed,43.47230000,-80.54490000,0,98.50
1315,1250,delta,5,armed,43.47230000,-80.54490000,0,98.50
1401,1250,echo,5,armed,43.47230000,-80.54490000,0,98.50
1570,1500,echo,6,airborne,43.47226484,-80.54491045,60,98.20
1572,1500,alpha,6,airborne,43.47231725,-80.54485650,60,95.20
1596,1500,foxtrot,6,airborne,43.47227462,-80.54486487,60,98.20
1603,1500,charlie,6,airborne,43.47232153,-80.54493971,60,98.20
1623,1500,bravo,6,airborne,43.47233588,-80.54489649,60,98.20
1658,1500,delta,6,airborne,43.47228738,-80.54494642,60,98.20
1779,1750,delta,7,airborne,43.47226924,-80.54498962,60,97.90
1809,1750,charlie,7,airborne,43.47233811,-80.54498409,60,97.90
1833,1750,foxtrot,7,airborne,43.47225366,-80.54482417,60,97.90
1887,1750,bravo,7,airborne,43.47237194,-80.54490124,60,97.90
1914,1750,echo,7,airborne,43.47222865,-80.54491276,60,97.90
1918,1750,alpha,7,airborne,43.47233963,-80.54481726,60,94.40
2031,2000,bravo,8,airborne,43.47240742,-80.54491423,60,97.60
2043,2000,delta,8,airborne,43.47224590,-80.54502868,60,97.60
2082,2000,charlie,8,airborne,43.47234935,-80.54503225,60,97.60
2093,2000,echo,8,airborne,43.47219219,-80.54490680,60,97.60
2128,2000,foxtrot,8,airborne,43.47223760,-80.54477867,60,97.60
2174,2000,alpha,8,airborne,43.47236673,-80.54478313,60,93.60
2306,2250,delta,9,airborne,43.47221776,-80.54506270,60,97.30
2332,2250,foxtrot,9,airborne,43.47222686,-80.54472924,60,97.30
2333,2250,bravo,9,airborne,43.47244159,-80.54493534,60,97.30
2383,2250,charlie,9,airborne,43.47235492,-80.54508327,60,97.30
2407,2250,alpha,9,airborne,43.47239808,-80.54475492,60,92.80
2411,2250,echo,9,airborne,43.47215621,-80.54489254,60,97.30
2526,2500,echo,10,airborne,43.47212145,-80.54487010,60,97.00
2552,2500,foxtrot,10,airborne,43.47222179,-80.54467681,60,97.00
2622,2500,alpha,10,airborne,43.47243313,-80.54473334,60,92.00
2642,2500,bravo,10,airborne,43.47247370,-80.54496432,60,97.00
2642,2500,charlie,10,airborne,43.47235457,-80.54513616,60,97.00
2673,2500,delta,10,airborne,43.47218527,-80.54509088,60,97.00
2796,2750,delta,11,airborne,43.47214896,-80.54511246,60,96.70
2859,2750,bravo,11,airborne,43.47250306,-80.54500083,60,96.70
2865,2750,echo,11,airborne,43.47208865,-80.54483967,60,96.70
2871,2750,charlie,11,airborne,43.47234814,-80.54518992,60,96.70
2904,2750,foxtrot,11,airborne,43.47222265,-80.54462234,60,96.70
2911,2750,alpha,11,airborne,43.47247128,-80.54471903,60,91.20
3039,3000,bravo,12,airborne,43.47252897,-80.54504440,60,96.40
3045,3000,delta,12,airborne,43.47210943,-80.54512680,60,96.40
3088,3000,charlie,12,airborne,43.47233554,-80.54524351,60,96.40
3112,3000,echo,12,airborne,43.47205853,-80.54480157,60,96.40
3155,3000,alpha,12,airborne,43.47251189,-80.54471252,60,90.40
3175,3000,foxtrot,12,airborne,43.47222964,-80.54456683,60,96.40
3274,3250,delta,13,airborne,43.47206730,-80.54513333,60,96.10
3314,3250,bravo,13,airborne,43.47255080,-80.54509447,60,96.10
3333,3250,foxtrot,13,airborne,43.47224287,-80.54451134,60,96.10
3384,3250,charlie,13,airborne,43.47231676,-80.54529588,60,96.10
3390,3250,alpha,13,airborne,43.47255426,-80.54471426,60,89.60
3402,3250,echo,13,airborne,43.47203179,-80.54475625,60,96.10
3547,3500,delta,14,airborne,43.47202327,-80.54513155,60,95.80
3560,3500,charlie,14,airborne,43.47229188,-80.54534598,60,95.80
3574,3500,foxtrot,14,airborne,43.47226236,-80.54445690,60,95.80
3620,3500,bravo,14,airborne,43.47256796,-80.54515038,60,95.80
3647,3500,echo,14,airborne,43.47200908,-80.54470423,60,95.80
3665,3500,alpha,14,airborne,43.47259768,-80.54472458,60,88.80
3802,3750,bravo,15,airborne,43.47257990,-80.54521138,60,95.50
3848,3750,charlie,15,airborne,43.47226108,-80.54539278,60,95.50
3849,3750,foxtrot,15,airborne,43.47228806,-80.54440458,60,95.50
3877,3750,alpha,15,airborne,43.47264138,-80.54474370,60,88.00
3898,3750,delta,15,airborne,43.47197805,-80.54512112,60,95.50
3929,3750,echo,15,airborne,43.47199102,-80.54464616,60,95.50
4051,4000,foxtrot,16,airborne,43.47231984,-80.54435542,60,95.20
4055,4000,echo,16,airborne,43.47197816,-80.54458276,60,95.20
4076,4000,alpha,16,airborne,43.47268460,-80.54477173,60,87.20
4105,4000,delta,16,airborne,43.47193239,-80.54510177,60,95.20
4130,4000,bravo,16,airborne,43.47258613,-80.54527664,60,95.20
4147,4000,charlie,16,airborne,43.47222459,-80.54543527,60,95.20
4265,4250,alpha,17,airborne,43.47272656,-80.54480868,60,86.40
4268,4250,bravo,17,airborne,43.47258623,-80.54534526,60,94.90
4388,4250,charlie,17,airborne,43.47218275,-80.54547247,60,94.90
4395,4250,echo,17,airborne,43.47197103,-80.54451486,60,94.90
4408,4250,foxtrot,17,airborne,43.47235745,-80.54431046,60,94.90
4417,4250,delta,17,airborne,43.47188706,-80.54507335,60,94.90
4538,4500,bravo,18,airborne,43.47257987,-80.54541626,60,94.60
4541,4500,echo,18,airborne,43.47197006,-80.54444333,60,94.60
4546,4500,foxtrot,18,airborne,43.47240060,-80.54427069,60,94.60
4628,4500,charlie,18,airborne,43.47213596,-80.54550345,60,94.60
4672,4500,alpha,18,airborne,43.47276648,-80.54485442,60,85.60
4680,4500,delta,18,airborne,43.47184286,-80.54503584,60,94.60
4765,4750,bravo,19,airborne,43.47256677,-80.54548861,60,94.30
4785,4750,alpha,19,airborne,43.47280358,-80.54490870,60,84.80
4786,4750,echo,19,airborne,43.47197562,-80.54436916,60,94.30
4795,4750,charlie,19,airborne,43.47208470,-80.54552736,60,94.30
4833,4750,foxtrot,19,airborne,43.47244890,-80.54423705,60,94.30
4842,4750,delta,19,airborne,43.47180057,-80.54498931,60,94.30
5022,5000,delta,20,airborne,43.47176097,-80.54493398,60,94.00
5023,5000,delta,20,airborne,43.47176097,-80.54493398,60,94.00
5043,5000,alpha,20,airborne,43.47283711,-80.54497117,60,84.00
5044,5000,alpha,20,airborne,43.47283711,-80.54497117,60,84.00
5051,5000,echo,20,airborne,43.47198801,-80.54429335,60,94.00
5052,5000,echo,20,airborne,43.47198801,-80.54429335,60,94.00
5090,5000,foxtrot,20,airborne,43.47250189,-80.54421046,60,94.00
5091,5000,foxtrot,20,airborne,43.47250189,-80.54421046,60,94.00
5130,5000,bravo,20,airborne,43.47254674,-80.54556125,60,94.00
5131,5000,bravo,20,airborne,43.47254674,-80.54556125,60,94.00
5149,5000,charlie,20,airborne,43.47202951,-80.54554338,60,94.00
5150,5000,charlie,20,airborne,43.47202951,-80.54554338,60,94.00
5338,5250,alpha,21,airborne,43.47286635,-80.54504137,60,83.20
5364,5250,echo,21,airborne,43.47200745,-80.54421698,60,93.70
5373,5250,delta,21,airborne,43.47172484,-80.54487018,60,93.70
5399,5250,charlie,21,airborne,43.47197103,-80.54555079,60,93.70
5412,5250,foxtrot,21,airborne,43.47255903,-80.54419175,60,93.70
5413,5250,bravo,21,airborne,43.47251967,-80.54563307,60,93.70
5540,5500,alpha,22,airborne,43.47289058,-80.54511870,60,82.40
5585,5500,charlie,22,airborne,43.47190991,-80.54554898,60,93.40
5600,5500,echo,22,airborne,43.47203408,-80.54414116,60,93.40
5632,5500,foxtrot,22,airborne,43.47261972,-80.54418166,60,93.40
5654,5500,bravo,22,airborne,43.47248554,-80.54570296,60,93.40
5663,5500,delta,22,airborne,43.47169293,-80.54479833,60,93.40
5786,5750,bravo,23,airborne,43.47244442,-80.54576977,60,93.10
5789,5750,charlie,23,airborne,43.47184689,-80.54553739,60,93.10
5797,5750,delta,23,airborne,43.47166595,-80.54471900,60,93.10
5880,5750,alpha,23,airborne,43.47290917,-80.54520249,60,81.60
5905,5750,echo,23,airborne,43.47206795,-80.54406701,60,93.10
5927,5750,foxtrot,23,airborne,43.47268330,-80.54418087,60,93.10
6017,6000,alpha,24,airborne,43.47292149,-80.54529193,60,80.80
6069,6000,charlie,24,airborne,43.47178274,-80.54551561,60,92.80
6081,6000,echo,24,airborne,43.47210902,-80.54399569,60,92.80
6106,6000,delta,24,airborne,43.47164459,-80.54463284,60,92.80
6117,6000,foxtrot,24,airborne,43.47274904,-80.54418996,60,92.80
6171,6000,bravo,24,airborne,43.47239645,-80.54583239,60,92.80
6315,6250,bravo,25,airborne,43.47234189,-80.54588971,60,92.50
6324,6250,charlie,25,airborne,43.47171826,-80.54548331,60,92.50
6344,6250,echo,25,airborne,43.47215717,-80.54392835,60,92.50
6367,6250,foxtrot,25,airborne,43.47281618,-80.54420940,60,92.50
6371,6250,delta,25,airborne,43.47162948,-80.54454063,60,92.50
6390,6250,alpha,25,airborne,43.47292701,-80.54538617,60,80.00
6516,6500,charlie,26,airborne,43.47165429,-80.54544029,60,92.20
6520,6500,foxtrot,26,airborne,43.47288391,-80.54423955,60,92.20
6525,6500,echo,26,airborne,43.47221218,-80.54386610,60,92.20
6578,6500,bravo,26,airborne,43.47228106,-80.54594063,60,92.20
6595,6500,alpha,26,airborne,43.47292524,-80.54548422,60,79.20
6613,6500,delta,26,airborne,43.47162119,-80.54444321,60,92.20
6788,6750,charlie,27,airborne,43.47159170,-80.54538647,60,91.90
6795,6750,bravo,27,airborne,43.47221437,-80.54598412,60,91.90
6818,6750,alpha,27,airborne,43.47291577,-80.54558504,60,78.40
6861,6750,delta,27,airborne,43.47162024,-80.54434156,60,91.90
6905,6750,foxtrot,27,airborne,43.47295139,-80.54428066,60,91.90
6916,6750,echo,27,airborne,43.47227374,-80.54381007,60,91.90
7063,7000,echo,28,airborne,43.47234147,-80.54376134,60,91.60
7076,7000,delta,28,airborne,43.47162707,-80.54423669,60,91.60
7099,7000,foxtrot,28,airborne,43.47301775,-80.54433287,60,91.60
7116,7000,alpha,28,airborne,43.47289826,-80.54568753,60,77.60
7131,7000,charlie,28,airborne,43.47153136,-80.54532188,60,91.60
7173,7000,bravo,28,airborne,43.47214233,-80.54601920,60,91.60
7276,7250,bravo,29,airborne,43.47206550,-80.54604494,60,91.30
7306,7250,echo,29,airborne,43.47241490,-80.54372092,60,91.30
7329,7250,alpha,29,airborne,43.47287247,-80.54579052,60,76.80
7369,7250,foxtrot,29,airborne,43.47308210,-80.54439617,60,91.30
7372,7250,delta,29,airborne,43.47164206,-80.54412971,60,91.30
7430,7250,charlie,29,airborne,43.47147413,-80.54524671,60,91.30
7571,7500,delta,30,airborne,43.47166549,-80.54402179,60,91.00
7589,7500,echo,30,airborne,43.47249346,-80.54368978,60,91.00
7599,7500,charlie,30,airborne,43.47142089,-80.54516123,60,91.00
7601,7500,foxtrot,30,airborne,43.47314356,-80.54447044,60,91.00
7604,7500,alpha,30,airborne,43.47283822,-80.54589280,60,76.00
7654,7500,bravo,30,airborne,43.47198453,-80.54606049,60,91.00
7789,7750,foxtrot,31,airborne,43.47316658,-80.54456868,60,90.70
7797,7750,delta,31,airborne,43.47172074,-80.54395206,60,90.70
7833,7750,bravo,31,airborne,43.47191553,-80.54602028,60,90.70
7840,7750,echo,31,airborne,43.47256589,-80.54371617,60,90.70
7856,7750,alpha,31,airborne,43.47277638,-80.54595109,60,75.20
7869,7750,charlie,31,airborne,43.47140816,-80.54505949,60,90.70
8061,8000,delta,32,airborne,43.47178001,-80.54388891,60,90.40
8111,8000,alpha,32,airborne,43.47271123,-80.54600208,60,74.40
8141,8000,foxtrot,32,airborne,43.47318359,-80.54466923,60,90.40
8153,8000,echo,32,airborne,43.47263648,-80.54375077,60,90.40
8154,8000,charlie,32,airborne,43.47140162,-80.54495664,60,90.40
8177,8000,bravo,32,airborne,43.47184919,-80.54597229,60,90.40
8311,8250,charlie,33,airborne,43.47140131,-80.54485340,60,90.10
8338,8250,echo,33,airborne,43.47270473,-80.54379336,60,90.10
8356,8250,bravo,33,airborne,43.47178598,-80.54591687,60,90.10
8396,8250,alpha,33,airborne,43.47264324,-80.54604543,60,73.60
8403,8250,delta,33,airborne,43.47184289,-80.54383278,60,90.10
8427,8250,foxtrot,33,airborne,43.47319446,-80.54477137,60,90.10
8521,8500,charlie,34,airborne,43.47140725,-80.54475049,60,89.80
8522,8500,delta,34,airborne,43.47190895,-80.54378406,60,89.80
8554,8500,bravo,34,airborne,43.47172634,-80.54585438,60,89.80
8606,8500,echo,34,airborne,43.47277018,-80.54384362,60,89.80
8654,8500,foxtrot,34,airborne,43.47319913,-80.54487441,60,89.80
8678,8500,alpha,34,airborne,43.47257285,-80.54608082,60,72.80
8766,8750,bravo,35,airborne,43.47167068,-80.54578527,60,89.50
8784,8750,alpha,35,airborne,43.47250058,-80.54610802,60,72.00
8799,8750,echo,35,airborne,43.47283236,-80.54390121,60,89.50
8855,8750,charlie,35,airborne,43.47141938,-80.54464861,60,89.50
8897,8750,foxtrot,35,airborne,43.47319755,-80.54497763,60,89.50
8903,8750,delta,35,airborne,43.47197771,-80.54374308,60,89.50
9055,9000,charlie,36,airborne,43.47143762,-80.54454848,60,89.20
9068,9000,foxtrot,36,airborne,43.47318975,-80.54508031,60,89.20
9095,9000,bravo,36,airborne,43.47161939,-80.54571002,60,89.20
9102,9000,alpha,36,airborne,43.47242691,-80.54612683,60,71.20
9114,9000,echo,36,airborne,43.47289084,-80.54396574,60,89.20
9157,9000,delta,36,airborne,43.47204872,-80.54371012,60,89.20
9287,9250,alpha,37,airborne,43.47235236,-80.54613713,60,70.40
9313,9250,echo,37,airborne,43.47294523,-80.54403675,60,88.90
9355,9250,charlie,37,airborne,43.47146185,-80.54445078,60,88.90
9366,9250,delta,37,airborne,43.47212146,-80.54368543,60,88.90
9373,9250,foxtrot,37,airborne,43.47317577,-80.54518174,60,88.90
9414,9250,bravo,37,airborne,43.47157282,-80.54562914,60,88.90
9580,9500,delta,38,airborne,43.47219545,-80.54366917,60,88.60
9605,9500,foxtrot,38,airborne,43.47315571,-80.54528121,60,88.60
9657,9500,alpha,38,airborne,43.47227745,-80.54613884,60,69.60
9658,9500,charlie,38,airborne,43.47149189,-80.54435621,60,88.60
9662,9500,bravo,38,airborne,43.47153130,-80.54554321,60,88.60
9676,9500,echo,38,airborne,43.47299513,-80.54411375,60,88.60
9767,9750,echo,39,airborne,43.47304021,-80.54419621,60,88.30
9802,9750,delta,39,airborne,43.47227016,-80.54366145,60,88.30
9890,9750,bravo,39,airborne,43.47149512,-80.54545281,60,88.30
9902,9750,alpha,39,airborne,43.47220270,-80.54613196,60,68.80
9911,9750,charlie,39,airborne,43.47152754,-80.54426541,60,88.30
9930,9750,foxtrot,39,airborne,43.47312972,-80.54537803,60,88.30
10049,10000,bravo,40,ground,43.47146452,-80.54535857,60,88.00
10073,10000,delta,40,airborne,43.47234508,-80.54366232,60,88.00
10089,10000,alpha,40,airborne,43.47212862,-80.54611652,60,68.00
10099,10000,foxtrot,40,airborne,43.47309796,-80.54547154,60,88.00
10152,10000,charlie,40,airborne,43.47156856,-80.54417901,60,88.00
10170,10000,echo,40,airborne,43.47308016,-80.54428355,60,88.00
10270,10250,delta,41,airborne,43.47241969,-80.54367179,60,87.70
10280,10250,foxtrot,41,airborne,43.47306067,-80.54556108,60,87.70
10320,10250,charlie,41,airborne,43.47161465,-80.54409762,60,87.70
10338,10250,alpha,41,airborne,43.47205573,-80.54609265,60,67.20
10404,10250,bravo,41,airborne,43.47143972,-80.54526115,60,87.70
10430,10250,echo,41,airborne,43.47311469,-80.54437517,60,87.70
10519,10500,delta,42,airborne,43.47249346,-80.54368978,60,87.40
10543,10500,charlie,42,airborne,43.47166549,-80.54402179,60,87.40
10572,10500,bravo,42,airborne,43.47142089,-80.54516123,60,87.40
10617,10500,foxtrot,42,airborne,43.47301810,-80.54564603,60,87.40
10632,10500,alpha,42,airborne,43.47198453,-80.54606049,60,66.40
10637,10500,echo,42,airborne,43.47314356,-80.54447044,60,87.40
10801,10750,alpha,43,airborne,43.47191553,-80.54602028,60,65.60
10809,10750,foxtrot,43,airborne,43.47297054,-80.54572581,60,87.10
10835,10750,delta,43,airborne,43.47256589,-80.54371617,60,87.10
10873,10750,echo,43,airborne,43.47316658,-80.54456868,60,87.10
10886,10750,bravo,43,airborne,43.47140816,-80.54505949,60,87.10
10923,10750,charlie,43,airborne,43.47172074,-80.54395206,60,87.10
11017,11000,foxtrot,44,airborne,43.47291833,-80.54579985,60,86.80
11086,11000,charlie,44,airborne,43.47178001,-80.54388891,60,86.80
11106,11000,echo,44,airborne,43.47318359,-80.54466923,60,86.80
11153,11000,delta,44,airborne,43.47263648,-80.54375077,60,86.80
11165,11000,bravo,44,airborne,43.47140162,-80.54495664,60,86.80
11180,11000,alpha,44,airborne,43.47184919,-80.54597229,60,64.80
11298,11250,bravo,45,airborne,43.47140131,-80.54485340,60,86.50
11333,11250,foxtrot,45,airborne,43.47286183,-80.54586765,60,86.50
11387,11250,delta,45,airborne,43.47270473,-80.54379336,60,86.50
11402,11250,echo,45,airborne,43.47319446,-80.54477137,60,86.50
11407,11250,charlie,45,airborne,43.47184289,-80.54383278,60,86.50
11412,11250,alpha,45,airborne,43.47178598,-80.54591687,60,64.00
11558,11500,echo,46,airborne,43.47319913,-80.54487441,60,86.20
11594,11500,alpha,46,airborne,43.47172634,-80.54585438,60,63.20
11621,11500,delta,46,airborne,43.47277018,-80.54384362,60,86.20
11658,11500,foxtrot,46,airborne,43.47280143,-80.54592873,60,86.20
11660,11500,charlie,46,airborne,43.47190895,-80.54378406,60,86.20
11668,11500,bravo,46,airborne,43.47140725,-80.54475049,60,86.20
11771,11750,alpha,47,airborne,43.47167068,-80.54578527,60,62.40
11819,11750,charlie,47,airborne,43.47197771,-80.54374308,60,85.90
11829,11750,foxtrot,47,airborne,43.47273754,-80.54598268,60,85.90
11832,11750,delta,47,airborne,43.47283236,-80.54390121,60,85.90
11894,11750,bravo,47,airborne,43.47141938,-80.54464861,60,85.90
11897,11750,echo,47,airborne,43.47319755,-80.54497763,60,85.90
12022,12000,echo,48,airborne,43.47318975,-80.54508031,60,85.60
12048,12000,foxtrot,48,airborne,43.47267063,-80.54602910,60,85.60
12095,12000,delta,48,airborne,43.47289084,-80.54396574,60,85.60
12109,12000,alpha,48,airborne,43.47161939,-80.54571002,60,61.60
12160,12000,charlie,48,airborne,43.47204872,-80.54371012,60,85.60
12286,12250,bravo,49,airborne,43.47146185,-80.54445078,60,85.30
12300,12250,delta,49,airborne,43.47294523,-80.54403675,60,85.30
1,12250,delta,9000,airborne,43.47294523,-80.54403675,60,85.30
12310,12250,echo,49,airborne,43.47317577,-80.54518174,60,85.30
12340,12250,charlie,49,airborne,43.47212146,-80.54368543,60,85.30
12350,12250,foxtrot,49,airborne,43.47260114,-80.54606770,60,85.30
12358,12250,alpha,49,airborne,43.47157282,-80.54562914,60,60.80
12595,12500,echo,50,airborne,43.47315571,-80.54528121,60,85.00
12621,12500,bravo,50,airborne,43.47149189,-80.54435621,60,85.00
12633,12500,alpha,50,airborne,43.47153130,-80.54554321,60,60.00
12659,12500,charlie,50,airborne,43.47219545,-80.54366917,60,85.00
12663,12500,foxtrot,50,airborne,43.47252956,-80.54609818,60,85.00
12805,12750,bravo,51,airborne,43.47152754,-80.54426541,60,84.70
12833,12750,charlie,51,airborne,43.47227016,-80.54366145,60,84.70
12873,12750,alpha,51,airborne,43.47149512,-80.54545281,60,59.20
12903,12750,echo,51,airborne,43.47312972,-80.54537803,60,84.70
12929,12750,foxtrot,51,airborne,43.47245638,-80.54612035,60,84.70
13038,13000,alpha,52,airborne,43.47146452,-80.54535857,60,58.40
13049,13000,bravo,52,airborne,43.47156856,-80.54417901,60,84.40
13052,13000,echo,52,airborne,43.47309796,-80.54547154,60,84.40
13157,13000,charlie,52,airborne,43.47234508,-80.54366232,60,84.40
13171,13000,foxtrot,52,airborne,43.47238212,-80.54613406,60,84.40
13298,13250,charlie,53,airborne,43.47241969,-80.54367179,60,84.10
13306,13250,echo,53,airborne,43.47306067,-80.54556108,60,84.10
13367,13250,alpha,53,airborne,43.47143972,-80.54526115,60,57.60
13371,13250,foxtrot,53,airborne,43.47230729,-80.54613919,60,84.10
13415,13250,bravo,53,airborne,43.47161465,-80.54409762,60,84.10
13522,13500,echo,54,airborne,43.47301810,-80.54564603,60,83.80
13540,13500,charlie,54,airborne,43.47249346,-80.54368978,60,83.80
13593,13500,bravo,54,airborne,43.47166549,-80.54402179,60,83.80
13636,13500,foxtrot,54,airborne,43.47223242,-80.54613573,60,83.80
13664,13500,alpha,54,airborne,43.47142089,-80.54516123,60,56.80
13794,13750,echo,55,airborne,43.47297054,-80.54572581,60,83.50
13832,13750,charlie,55,airborne,43.47256589,-80.54371617,60,83.50
13888,13750,foxtrot,55,airborne,43.47215800,-80.54612369,60,83.50
13894,13750,bravo,55,airborne,43.47172074,-80.54395206,60,83.50
13906,13750,alpha,55,airborne,43.47140816,-80.54505949,60,56.00
14039,14000,charlie,56,airborne,43.47263648,-80.54375077,60,83.20
14089,12000,bravo,48,airborne,43.47143762,-80.54454848,60,85.60
14101,14000,foxtrot,56,airborne,43.47208458,-80.54610316,60,83.20
14120,14000,bravo,56,airborne,43.47178001,-80.54388891,60,83.20
14142,14000,alpha,56,airborne,43.47140162,-80.54495664,60,55.20
14146,14000,echo,56,airborne,43.47291833,-80.54579985,60,83.20
14268,14250,foxtrot,57,airborne,43.47201265,-80.54607427,60,82.90
14294,14250,alpha,57,airborne,43.47140131,-80.54485340,60,54.40
14364,14250,bravo,57,airborne,43.47184289,-80.54383278,60,82.90
14376,14250,charlie,57,airborne,43.47270473,-80.54379336,60,82.90
14429,14250,echo,57,airborne,43.47286183,-80.54586765,60,82.90
14515,14500,echo,58,airborne,43.47280143,-80.54592873,60,82.60
14524,14500,foxtrot,58,airborne,43.47194271,-80.54603724,60,82.60
14553,14500,bravo,58,airborne,43.47190895,-80.54378406,60,82.60
14558,14500,charlie,58,airborne,43.47277018,-80.54384362,60,82.60
14623,14500,alpha,58,airborne,43.47140725,-80.54475049,60,53.60
14792,14750,charlie,59,airborne,43.47283236,-80.54390121,60,82.30
14821,14750,foxtrot,59,airborne,43.47187526,-80.54599231,60,82.30
14860,14750,echo,59,airborne,43.47273754,-80.54598268,60,82.30
14894,14750,alpha,59,airborne,43.47141938,-80.54464861,60,52.80
14898,14750,bravo,59,airborne,43.47197771,-80.54374308,60,82.30
15030,15000,charlie,60,airborne,43.47289084,-80.54396574,60,82.00
15031,15000,echo,60,airborne,43.47267063,-80.54602910,60,82.00
15065,15000,bravo,60,airborne,43.47204872,-80.54371012,60,82.00
15168,15000,alpha,60,airborne,43.47143762,-80.54454848,60,52.00
15177,15000,foxtrot,60,airborne,43.47181075,-80.54593981,60,82.00
15295,15250,foxtrot,61,airborne,43.47174964,-80.54588008,60,81.70
15356,15250,charlie,61,airborne,43.47294523,-80.54403675,60,81.70
15359,15250,echo,61,airborne,43.47260114,-80.54606770,60,81.70
15361,15250,bravo,61,airborne,43.47212146,-80.54368543,60,81.70
15390,15250,alpha,61,airborne,43.47146185,-80.54445078,60,51.20
15518,15500,bravo,62,airborne,43.47219545,-80.54366917,60,81.40
15562,15500,charlie,62,airborne,43.47299513,-80.54411375,60,81.40
15583,15500,foxtrot,62,airborne,43.47169235,-80.54581356,60,81.40
15592,15500,echo,62,airborne,43.47252956,-80.54609818,60,81.40
15616,15500,alpha,62,airborne,43.47149189,-80.54435621,60,50.40
15792,15750,bravo,63,airborne,43.47227016,-80.54366145,60,81.10
15820,15750,echo,63,airborne,43.47245638,-80.54612035,60,81.10
15848,15750,foxtrot,63,airborne,43.47163927,-80.54574069,60,81.10
15899,15750,alpha,63,airborne,43.47152754,-80.54426541,60,49.60
15930,15750,charlie,63,airborne,43.47304021,-80.54419621,60,81.10
16019,16000,foxtrot,64,airborne,43.47159078,-80.54566199,60,80.80
16081,16000,alpha,64,airborne,43.47156856,-80.54417901,60,48.80
16114,16000,bravo,64,airborne,43.47234508,-80.54366232,60,80.80
16151,16000,echo,64,airborne,43.47238212,-80.54613406,60,80.80
16176,16000,charlie,64,airborne,43.48108016,-80.54428355,160,80.80
16283,16250,bravo,65,airborne,43.47241969,-80.54367179,60,80.50
16292,16250,charlie,65,airborne,43.47311469,-80.54437517,60,80.50
16304,16250,echo,65,airborne,43.47230729,-80.54613919,60,80.50
16318,16250,foxtrot,65,airborne,43.47154721,-80.54557800,60,80.50
16372,16250,alpha,65,airborne,43.47161465,-80.54409762,60,48.00
16528,16500,bravo,66,airborne,43.47249346,-80.54368978,60,80.20
16632,16500,foxtrot,66,airborne,43.47150887,-80.54548930,60,80.20
16644,16500,charlie,66,airborne,43.47314356,-80.54447044,60,80.20
16659,16500,alpha,66,airborne,43.47166549,-80.54402179,60,47.20
16668,16500,echo,66,airborne,43.47223242,-80.54613573,60,80.20
16845,16750,charlie,67,airborne,43.47316658,-80.54456868,60,79.90
16853,16750,bravo,67,airborne,43.47256589,-80.54371617,60,79.90
16887,16750,alpha,67,airborne,43.47172074,-80.54395206,60,46.40
16896,16750,foxtrot,67,airborne,43.47147602,-80.54539652,60,79.90
16921,16750,echo,67,airborne,43.47215800,-80.54612369,60,79.90
17078,17000,echo,68,airborne,43.47208458,-80.54610316,60,79.60
17085,17000,charlie,68,airborne,43.47318359,-80.54466923,60,79.60
17085,17000,foxtrot,68,airborne,43.47144889,-80.54530028,60,79.60
17146,17000,alpha,68,airborne,43.47178001,-80.54388891,60,45.60
17175,17000,delta,68,airborne,43.47291833,-80.54579985,60,79.60
17180,17000,bravo,68,airborne,43.47263648,-80.54375077,60,79.60
17297,17250,echo,69,airborne,43.47201265,-80.54607427,60,79.30
17355,17250,bravo,69,airborne,43.47270473,-80.54379336,60,79.30
17397,17250,alpha,69,airborne,43.47184289,-80.54383278,60,44.80
17415,17250,charlie,69,airborne,43.47319446,-80.54477137,60,79.30
17416,17250,delta,69,airborne,43.47286183,-80.54586765,60,79.30
17424,17250,foxtrot,69,airborne,43.47142766,-80.54520127,60,79.30
17521,17500,alpha,70,airborne,43.47190895,-80.54378406,60,44.00
17521,17500,bravo,70,airborne,43.47277018,-80.54384362,60,79.00
17531,17500,charlie,70,airborne,43.47319913,-80.54487441,60,79.00
17537,17500,delta,70,airborne,43.47280143,-80.54592873,60,79.00
17542,17500,echo,70,airborne,43.47194271,-80.54603724,60,79.00
17676,17500,foxtrot,70,airborne,43.47141249,-80.54510017,60,79.00
17771,17750,bravo,71,airborne,43.47283236,-80.54390121,60,78.70
17810,17750,delta,71,airborne,43.47273754,-80.54598268,60,78.70
17839,17750,charlie,71,airborne,43.47319755,-80.54497763,60,78.70
17848,17750,echo,71,airborne,43.47187526,-80.54599231,60,78.70
17859,17750,foxtrot,71,airborne,43.47140348,-80.54499768,60,78.70
17912,17750,alpha,71,airborne,43.47197771,-80.54374308,60,43.20
18035,18000,foxtrot,72,airborne,43.47140069,-80.54489452,60,78.40
18072,18000,alpha,72,airborne,43.47204872,-80.54371012,60,42.40
18095,18000,charlie,72,airborne,43.47318975,-80.54508031,60,78.40
18139,18000,echo,72,airborne,43.47181075,-80.54593981,60,78.40
18145,18000,bravo,72,airborne,43.47289084,-80.54396574,60,78.40
18156,18000,delta,72,airborne,43.47267063,-80.54602910,60,78.40
18274,18250,delta,73,airborne,43.47260114,-80.54606770,60,78.10
18292,18250,echo,73,airborne,43.47174964,-80.54588008,60,78.10
18298,18250,alpha,73,airborne,43.47212146,-80.54368543,60,41.60
18306,18250,charlie,73,airborne,43.47317577,-80.54518174,60,78.10
18386,18250,bravo,73,airborne,43.47294523,-80.54403675,60,78.10
18407,18250,foxtrot,73,airborne,43.47140414,-80.54479139,60,78.10
18527,18500,alpha,74,airborne,43.47219545,-80.54366917,60,40.80
18533,18500,echo,74,airborne,43.47169235,-80.54581356,60,77.80
18563,18500,foxtrot,74,airborne,43.47141381,-80.54468901,60,77.80
18581,18500,charlie,74,airborne,43.47315571,-80.54528121,60,77.80
18598,18500,bravo,74,airborne,43.47299513,-80.54411375,60,77.80
18646,18500,delta,74,airborne,43.47252956,-80.54609818,60,77.80
18830,18750,charlie,75,airborne,43.47312972,-80.54537803,60,77.50
18832,18750,delta,75,airborne,43.47245638,-80.54612035,60,77.50
18842,18750,bravo,75,airborne,43.47304021,-80.54419621,60,77.50
18862,18750,echo,75,airborne,43.47163927,-80.54574069,60,77.50
18898,18750,alpha,75,airborne,43.47227016,-80.54366145,60,40.00
18902,18750,foxtrot,75,airborne,43.47142963,-80.54458810,60,77.50
19017,19000,foxtrot,76,airborne,43.47145149,-80.54448935,60,77.20
19031,19000,charlie,76,airborne,43.47309796,-80.54547154,60,77.20
19041,19000,alpha,76,airborne,43.47234508,-80.54366232,60,39.20
19082,19000,echo,76,airborne,43.47159078,-80.54566199,60,77.20
19102,19000,delta,76,airborne,43.47238212,-80.54613406,60,77.20
19130,19000,bravo,76,airborne,43.47308016,-80.54428355,60,77.20
19268,19250,charlie,77,airborne,43.47306067,-80.54556108,60,76.90
19289,19250,foxtrot,77,airborne,43.47147924,-80.54439345,60,76.90
19348,19250,bravo,77,airborne,43.47311469,-80.54437517,60,76.90
19422,19250,echo,77,airborne,43.47154721,-80.54557800,60,76.90
19424,19250,alpha,77,airborne,43.47241969,-80.54367179,60,38.40
19427,19250,delta,77,airborne,43.47230729,-80.54613919,60,76.90
19546,19500,bravo,78,airborne,43.47314356,-80.54447044,60,76.60
19554,19500,foxtrot,78,airborne,43.47151269,-80.54430107,60,76.60
19592,19500,echo,78,airborne,43.47150887,-80.54548930,60,76.60
19620,19500,charlie,78,airborne,43.47301810,-80.54564603,60,76.60
19624,19500,alpha,78,airborne,43.47249346,-80.54368978,60,37.60
19648,19500,delta,78,airborne,43.47223242,-80.54613573,60,76.60
19830,19750,charlie,79,airborne,43.47297054,-80.54572581,60,76.30
19846,19750,delta,79,airborne,43.47215800,-80.54612369,60,76.30
19849,19750,foxtrot,79,airborne,43.47155160,-80.54421285,60,76.30
19885,19750,alpha,79,airborne,43.47256589,-80.54371617,60,36.80
19892,19750,bravo,79,airborne,43.47316658,-80.54456868,60,76.30
19930,19750,echo,1000,airborne,43.47147602,-80.54539652,60,76.30
20029,20000,delta,80,airborne,43.47208458,-80.54610316,60,76.00
20030,20000,delta,80,airborne,43.47208458,-80.54610316,60,76.00
20045,20000,echo,80,airborne,43.47144889,-80.54530028,60,76.00
20046,20000,echo,80,airborne,43.47144889,-80.54530028,60,76.00
20051,20000,alpha,80,airborne,43.47263648,-80.54375077,60,36.00
20052,20000,alpha,80,airborne,43.47263648,-80.54375077,60,36.00
20071,20000,foxtrot,80,airborne,43.47159570,-80.54412939,60,76.00
20072,20000,foxtrot,80,airborne,43.47159570,-80.54412939,60,76.00
20121,20000,charlie,80,airborne,43.47291833,-80.54579985,60,76.00
20122,20000,charlie,80,airborne,43.47291833,-80.54579985,60,76.00
20134,20000,bravo,80,airborne,43.47318359,-80.54466923,60,76.00
20135,20000,bravo,80,airborne,43.47318359,-80.54466923,60,76.00
20267,20250,delta,81,airborne,43.47201265,-80.54607427,60,75.70
20268,20250,charlie,81,airborne,43.47286183,-80.54586765,60,75.70
20354,20250,echo,81,airborne,43.47142766,-80.54520127,60,75.70
20383,20250,foxtrot,81,airborne,43.47164470,-80.54405129,60,75.70
20388,20250,alpha,81,airborne,43.47270473,-80.54379336,60,35.20
20411,20250,bravo,81,airborne,43.47319446,-80.54477137,60,75.70
20529,20500,charlie,82,airborne,43.47280143,-80.54592873,60,75.40
20567,20500,foxtrot,82,airborne,43.47169824,-80.54397907,60,75.40
20573,20500,alpha,82,airborne,43.47277018,-80.54384362,60,34.40
20636,20500,echo,82,airborne,43.47141249,-80.54510017,60,75.40
20673,20500,bravo,82,airborne,43.47319913,-80.54487441,60,75.40
20675,20500,delta,82,airborne,43.47194271,-80.54603724,60,75.40
20789,20750,charlie,83,airborne,43.47273754,-80.54598268,60,75.10
20796,20750,alpha,83,airborne,43.47283236,-80.54390121,60,33.60
20808,20750,bravo,83,airborne,43.47319755,-80.54497763,60,75.10
20827,20750,delta,83,airborne,43.47187526,-80.54599231,60,75.10
20892,20750,echo,83,airborne,43.47140348,-80.54499768,60,75.10
20920,20750,foxtrot,83,airborne,43.47175596,-80.54391324,60,75.10
21045,21000,echo,84,airborne,43.47140069,-80.54489452,60,74.80
21054,21000,bravo,84,airborne,43.47318975,-80.54508031,60,74.80
21058,21000,foxtrot,84,airborne,43.47181745,-80.54385427,60,74.80
21075,21000,charlie,84,airborne,43.47267063,-80.54602910,60,74.80
21135,21000,delta,84,airborne,43.47181075,-80.54593981,60,74.80
21175,21000,alpha,84,airborne,43.47289084,-80.54396574,60,32.80
21270,21250,charlie,85,airborne,43.47260114,-80.54606770,60,74.50
21279,21250,delta,85,airborne,43.47174964,-80.54588008,60,74.50
21344,21250,foxtrot,85,airborne,43.47188229,-80.54380255,60,74.50
21381,21250,alpha,85,airborne,43.47294523,-80.54403675,60,32.00
21407,21250,echo,85,airborne,43.47140414,-80.54479139,60,74.50
21416,21250,bravo,85,airborne,43.47317577,-80.54518174,60,74.50
21536,21500,foxtrot,86,airborne,43.47195003,-80.54375845,60,74.20
21571,21500,delta,86,airborne,43.47169235,-80.54581356,60,74.20
21594,21500,charlie,86,airborne,43.47252956,-80.54609818,60,74.20
21635,21500,alpha,86,airborne,43.47299513,-80.54411375,60,31.20
21647,21500,echo,86,airborne,43.47141381,-80.54468901,60,74.20
21648,21500,bravo,86,airborne,43.47315571,-80.54528121,60,74.20
21796,21750,charlie,87,airborne,43.47245638,-80.54612035,60,73.90
21817,21750,bravo,87,airborne,43.47312972,-80.54537803,60,73.90
21828,21750,echo,87,airborne,43.47142963,-80.54458810,60,73.90
21895,21750,delta,87,airborne,43.47163927,-80.54574069,60,73.90
21904,21750,alpha,87,airborne,43.47304021,-80.54419621,60,30.40
21910,21750,foxtrot,87,airborne,43.47202020,-80.54372227,60,73.90
22039,22000,charlie,88,airborne,43.47238212,-80.54613406,60,73.60
22053,22000,delta,88,airborne,43.47159078,-80.54566199,60,73.60
22079,22000,alpha,88,airborne,43.47308016,-80.54428355,60,29.60
22106,22000,echo,88,airborne,43.47145149,-80.54448935,60,73.60
22121,22000,foxtrot,88,airborne,43.47209232,-80.54369426,60,73.60
22126,22000,bravo,88,airborne,43.47309796,-80.54547154,60,73.60
22367,22250,delta,89,airborne,43.47154721,-80.54557800,60,73.30
22381,22250,echo,89,airborne,43.47147924,-80.54439345,60,73.30
22398,22250,foxtrot,89,airborne,43.47216587,-80.54367463,60,73.30
22408,22250,alpha,89,airborne,43.47311469,-80.54437517,60,28.80
22408,22250,charlie,89,airborne,43.47230729,-80.54613919,60,73.30
22424,22250,bravo,89,airborne,43.47306067,-80.54556108,60,73.30
22601,22500,bravo,90,airborne,43.47301810,-80.54564603,60,73.00
22607,22500,delta,90,airborne,43.47150887,-80.54548930,60,73.00
22617,22500,alpha,90,airborne,43.47314356,-80.54447044,60,28.00
22662,22500,charlie,90,airborne,43.47223242,-80.54613573,60,73.00
22664,22500,echo,90,airborne,43.47151269,-80.54430107,60,73.00
22665,22250,foxtrot,90,airborne,43.47224036,-80.54366349,60,73.00
22824,22750,delta,91,airborne,43.47147602,-80.54539652,60,72.70
22843,22750,alpha,91,airborne,43.47316658,-80.54456868,60,27.20
22853,22750,echo,91,airborne,43.47155160,-80.54421285,60,72.70
22854,22750,charlie,91,airborne,43.47215800,-80.54612369,60,72.70
22882,22750,bravo,91,airborne,43.47297054,-80.54572581,60,72.70
22908,22750,foxtrot,91,airborne,43.47231525,-80.54366094,60,72.70
23036,23000,echo,92,airborne,43.47159570,-80.54412939,60,72.40
23049,23000,foxtrot,92,airborne,43.47239005,-80.54366699,60,72.40
23095,23000,charlie,92,airborne,43.47208458,-80.54610316,60,72.40
23155,23000,alpha,92,airborne,43.47318359,-80.54466923,60,26.40
23158,23000,delta,92,airborne,43.47144889,-80.54530028,60,72.40
23168,23000,bravo,92,airborne,43.47291833,-80.54579985,60,72.40
23282,23250,echo,93,airborne,43.47164470,-80.54405129,60,72.10
23292,23250,foxtrot,93,airborne,43.47246422,-80.54368160,60,72.10
23324,23250,bravo,93,airborne,43.47286183,-80.54586765,60,72.10
23335,23250,delta,93,airborne,43.47142766,-80.54520127,60,72.10
23381,23250,charlie,93,airborne,43.47201265,-80.54607427,60,72.10
23430,23250,alpha,93,airborne,43.47319446,-80.54477137,60,25.60
23522,23500,foxtrot,94,airborne,43.47253724,-80.54370466,60,71.80
23532,23500,bravo,94,airborne,43.47280143,-80.54592873,60,71.80
23537,23500,echo,94,airborne,43.47169824,-80.54397907,60,71.80
23602,23500,delta,94,airborne,43.47141249,-80.54510017,60,71.80
23643,23500,alpha,94,airborne,43.47319913,-80.54487441,60,24.80
23670,23500,charlie,94,airborne,43.47194271,-80.54603724,60,71.80
23816,23750,delta,95,airborne,43.47140348,-80.54499768,60,71.50
23834,23750,foxtrot,95,airborne,43.47260863,-80.54373602,60,71.50
23887,23750,alpha,95,airborne,43.47319755,-80.54497763,60,24.00
23891,28750,echo,95,airborne,43.47175596,-80.54391324,60,71.50
23905,23750,bravo,95,airborne,43.47273754,-80.54598268,60,71.50
23925,23750,charlie,95,airborne,43.47187526,-80.54599231,60,71.50
24094,24000,echo,96,landing,43.47181745,-80.54385427,20,71.20
24110,24000,delta,96,landing,43.47140069,-80.54489452,20,71.20
24117,24000,alpha,96,landing,43.47318975,-80.54508031,20,23.20
24117,24000,bravo,96,landing,43.47267063,-80.54602910,20,71.20
24122,24000,foxtrot,96,landing,43.47267787,-80.54377546,20,71.20
24172,24000,charlie,96,landing,43.47181075,-80.54593981,20,71.20
24273,24250,bravo,97,landing,43.47258745,-80.54601462,20,70.90
24274,24250,charlie,97,landing,43.47177465,-80.54583553,20,70.90
24276,24250,foxtrot,97,landing,43.47272428,-80.54387167,20,70.90
24332,24250,echo,97,landing,43.47190128,-80.54385243,20,70.90
24356,24250,delta,97,landing,43.47144486,-80.54479632,20,70.90
24375,24250,alpha,97,landing,43.47313596,-80.54516893,20,22.40
24562,24500,foxtrot,98,landing,43.47276183,-80.54397038,20,70.60
24565,24500,bravo,98,landing,43.47250869,-80.54598926,20,70.60
24566,24500,alpha,98,landing,43.47307792,-80.54524655,20,21.60
24572,24500,echo,98,landing,43.47198185,-80.54386222,20,70.60
24618,24500,charlie,98,landing,43.47174759,-80.54573051,20,70.60
24632,24500,delta,98,landing,43.47149437,-80.54470819,20,70.60
24808,24750,echo,99,landing,43.47205836,-80.54388287,20,70.30
24840,24750,alpha,99,landing,43.47301657,-80.54531285,20,20.80
24845,24750,charlie,99,landing,43.47172937,-80.54562605,20,70.30
24905,24750,foxtrot,99,landing,43.47279056,-80.54407025,20,70.30
24928,24750,delta,99,landing,43.47154832,-80.54463063,20,70.30
24930,24750,bravo,99,landing,43.47243506,-80.54595394,20,70.30
25059,25000,bravo,100,landing,43.47236719,-80.54590968,20,70.00
25083,25000,alpha,100,landing,43.47295288,-80.54536762,20,20.00
25098,25000,echo,100,landing,43.47213008,-80.54391349,20,70.00
25132,25000,delta,100,landing,43.47160577,-80.54456401,20,70.00
25146,25000,foxtrot,100,landing,43.47281062,-80.54416996,20,70.00
25170,25000,charlie,100,landing,43.47171973,-80.54552344,20,70.00
25267,25250,alpha,101,landing,43.47288779,-80.54541084,20,19.20
25276,25250,bravo,101,landing,43.47230564,-80.54585756,20,69.70
25320,25250,charlie,101,landing,43.47171830,-80.54542391,20,69.70
25324,25250,foxtrot,101,landing,43.47282222,-80.54426822,20,69.70
25375,25250,echo,101,landing,43.47219635,-80.54395312,20,69.70
25405,25250,delta,101,landing,43.47166578,-80.54450858,20,69.70
25523,25500,alpha,102,landing,43.47282225,-80.54544257,20,18.40
25635,25500,foxtrot,102,landing,43.47282572,-80.54436382,20,69.40
25636,25500,delta,102,landing,43.47172741,-80.54446442,20,69.40
25644,25500,echo,102,landing,43.47225662,-80.54400072,20,69.40
25667,25500,charlie,102,landing,43.47172463,-80.54532858,20,69.40
25680,25500,bravo,102,landing,43.47225085,-80.54579871,20,69.40
25803,25750,alpha,103,landing,43.47275719,-80.54546305,20,17.60
25852,25750,foxtrot,103,landing,43.47282151,-80.54445561,20,69.10
25883,25750,charlie,103,landing,43.47173820,-80.54523853,20,69.10
25904,25750,bravo,103,landing,43.47220318,-80.54573433,20,69.10
25908,25750,echo,103,landing,43.47231040,-80.54405519,20,69.10
25913,25750,delta,103,landing,43.47178973,-80.54443149,20,69.10
26027,26000,bravo,104,landing,43.47216291,-80.54566565,20,68.80
26094,26000,delta,104,landing,43.47185181,-80.54440961,20,68.80
26099,26000,echo,104,landing,43.47235730,-80.54411536,20,68.80
26102,26000,foxtrot,104,landing,43.47281011,-80.54454250,20,68.80
26124,26000,charlie,104,landing,43.47175838,-80.54515473,20,68.80
26167,26000,alpha,104,landing,43.47269348,-80.54547263,20,16.80
26295,26250,charlie,105,landing,43.47178453,-80.54507803,20,68.50
26313,26250,delta,105,landing,43.47191278,-80.54439849,20,68.50
26347,26250,echo,105,landing,43.47239704,-80.54418004,20,68.50
26353,26250,foxtrot,105,landing,43.47279208,-80.54462352,20,68.50
26380,26250,bravo,105,landing,43.47213020,-80.54559389,20,68.50
26382,26250,alpha,105,landing,43.47263199,-80.54547179,20,16.00
26555,26500,delta,106,landing,43.47197177,-80.54439767,20,68.20
26596,26500,foxtrot,106,landing,43.47276807,-80.54469777,20,68.20
26610,26500,charlie,106,landing,43.47181590,-80.54500919,20,68.20
26641,26500,echo,106,landing,43.47242941,-80.54424800,20,68.20
26648,26500,alpha,106,landing,43.47257351,-80.54546113,20,15.20
26679,26500,bravo,106,landing,43.47210512,-80.54552031,20,68.20
26813,26750,bravo,107,landing,43.47208763,-80.54544616,20,67.90
26868,26750,echo,107,landing,43.47245431,-80.54431801,20,67.90
26890,26750,alpha,107,landing,43.47251877,-80.54544134,20,14.40
26893,26750,charlie,107,landing,43.47185174,-80.54494884,20,67.90
26920,26750,foxtrot,107,landing,43.47273877,-80.54476448,20,67.90
26925,26750,delta,107,landing,43.47202798,-80.54440662,20,67.90
27079,27000,charlie,108,landing,43.47189122,-80.54489751,20,67.60
27095,27000,echo,108,landing,43.47247176,-80.54438885,20,67.60
27107,27000,alpha,108,landing,43.47246847,-80.54541323,20,13.60
27120,27000,delta,108,landing,43.47208066,-80.54442467,20,67.60
27137,27000,foxtrot,108,landing,43.47270494,-80.54482298,20,67.60
27138,27000,bravo,108,landing,43.47207761,-80.54537264,20,67.60
27270,27250,bravo,109,landing,43.47207485,-80.54530094,20,67.30
27304,27250,delta,109,landing,43.47212912,-80.54445104,20,67.30
27310,27250,echo,109,landing,43.47248183,-80.54445929,20,67.30
27316,27250,alpha,109,landing,43.47242319,-80.54537769,20,12.80
27330,27250,foxtrot,109,landing,43.47266737,-80.54487272,20,67.30
27364,27250,charlie,109,landing,43.47193351,-80.54485557,20,67.30
27548,27500,bravo,110,landing,43.47207903,-80.54523220,20,67.00
27565,27500,echo,110,landing,43.47248473,-80.54452815,20,67.00
27581,27500,alpha,110,landing,43.47238347,-80.54533570,20,12.00
27589,27500,charlie,110,landing,43.47197775,-80.54482328,20,67.00
27639,27500,delta,110,landing,43.47217274,-80.54448489,20,67.00
27640,27500,foxtrot,110,landing,43.47262688,-80.54491329,20,67.00
27766,27750,delta,111,landing,43.47221097,-80.54452527,20,66.70
27848,27750,foxtrot,111,landing,43.47258433,-80.54494440,20,66.70
27856,27750,charlie,111,landing,43.47202306,-80.54480076,20,66.70
27883,27750,echo,111,landing,43.47248073,-80.54459430,20,66.70
27889,27750,alpha,111,landing,43.47234976,-80.54528829,20,11.20
27930,27750,bravo,111,landing,43.47208977,-80.54516749,20,66.70
28029,28000,charlie,112,landing,43.47206859,-80.54478800,20,66.40
28071,28000,echo,112,landing,43.47247021,-80.54465665,20,66.40
28079,28000,foxtrot,112,landing,43.47254057,-80.54496587,20,66.40
28105,28000,delta,112,landing,43.47224336,-80.54457116,20,66.40
28134,28000,alpha,112,landing,43.47232240,-80.54523656,20,10.40
28150,28000,bravo,112,landing,43.47210658,-80.54510781,20,66.40
28274,28250,foxtrot,113,landing,43.47249646,-80.54497770,20,66.10
28320,28250,bravo,113,landing,43.47212891,-80.54505409,20,66.10
28354,28250,echo,113,landing,43.47245359,-80.54471418,20,66.10
28376,28250,charlie,113,landing,43.47211346,-80.54478488,20,66.10
28395,28250,alpha,113,landing,43.47230166,-80.54518163,20,10.00
28398,28250,delta,113,landing,43.47226952,-80.54462151,20,66.10
28521,28500,charlie,114,landing,43.47215685,-80.54479110,20,65.80
28604,28500,echo,114,landing,43.47243143,-80.54476596,20,65.80
28619,28500,delta,114,landing,43.47228916,-80.54467518,20,65.80
28642,28500,alpha,114,landing,43.47228771,-80.54512468,20,10.00
28647,28500,bravo,114,landing,43.47215616,-80.54500715,20,65.80
28679,28500,foxtrot,114,landing,43.47245287,-80.54497997,20,65.80
28774,28750,delta,115,landing,43.47230208,-80.54473104,20,65.50
28800,28750,bravo,115,landing,43.47218764,-80.54496771,20,65.50
28837,28750,charlie,115,landing,43.47219795,-80.54480630,20,65.50
28869,28750,echo,115,landing,43.47240430,-80.54481112,20,65.50
28876,28750,alpha,115,landing,43.47228064,-80.54506687,20,10.00
28890,28750,foxtrot,115,landing,43.47241063,-80.54497292,20,65.50
29049,29000,foxtrot,116,landing,43.47237056,-80.54495690,20,65.20
29056,29000,bravo,116,landing,43.47222263,-80.54493639,20,65.20
29099,29000,charlie,116,landing,43.47223597,-80.54482994,20,65.20
29157,29000,alpha,116,landing,43.47228042,-80.54500938,20,10.00
29166,29000,echo,116,landing,43.47237287,-80.54484893,20,65.20
29178,29000,delta,116,landing,43.47230819,-80.54478791,20,65.20
29270,29250,foxtrot,117,landing,43.47233344,-80.54493240,20,64.90
29273,29250,alpha,117,landing,43.47228694,-80.54495338,20,10.00
29309,29250,delta,117,landing,43.47230746,-80.54484462,20,64.90
29312,29250,bravo,117,landing,43.47226035,-80.54491369,20,64.90
29339,29250,charlie,117,landing,43.47227021,-80.54486142,20,64.90
29362,29250,echo,117,landing,43.47233785,-80.54487873,20,64.90
29536,29500,delta,118,ground,43.47230000,-80.54490000,0,64.60
29546,29500,charlie,118,ground,43.47230000,-80.54490000,0,64.60
29569,29500,echo,118,ground,43.47230000,-80.54490000,0,64.60
29589,29500,alpha,118,ground,43.47230000,-80.54490000,0,10.00
29614,29500,bravo,118,ground,43.47230000,-80.54490000,0,64.60
29638,29500,foxtrot,118,ground,43.47230000,-80.54490000,0,64.60
29804,29750,echo,119,ground,43.47230000,-80.54490000,0,64.30
29834,29750,bravo,119,ground,43.47230000,-80.54490000,0,64.30
29841,29750,charlie,119,ground,43.47230000,-80.54490000,0,64.30
29841,29750,delta,119,ground,43.47230000,-80.54490000,0,64.30
29846,29750,alpha,119,ground,43.47230000,-80.54490000,0,10.00
29858,29750,foxtrot,119,ground,43.47230000,-80.54490000,0,64.30
30079,30000,foxtrot,120,ground,43.47230000,-80.54490000,0,64.00
30110,30000,delta,120,ground,43.47230000,-80.54490000,0,64.00
30121,30000,charlie,120,ground,43.47230000,-80.54490000,0,64.00
30123,30000,bravo,120,ground,43.47230000,-80.54490000,0,64.00
30128,30000,echo,120,ground,43.47230000,-80.54490000,0,64.00
30132,30000,alpha,120,ground,43.47230000,-80.54490000,0,10.00
